2025-10-20 20:19:36.564158,Person_1,Neutral,NORMAL
2025-10-20 20:19:36.746647,Person_1,Neutral,NORMAL
2025-10-20 20:19:36.895913,Person_1,Neutral,NORMAL
2025-10-20 20:19:37.051768,Person_1,Neutral,NORMAL
2025-10-20 20:19:37.196627,Person_1,Neutral,NORMAL
2025-10-20 20:19:37.355868,Person_1,Neutral,NORMAL
2025-10-20 20:19:37.506611,Person_1,Neutral,NORMAL
2025-10-20 20:19:37.661198,Person_1,Neutral,NORMAL
2025-10-20 20:19:37.818900,Person_1,Neutral,NORMAL
2025-10-20 20:19:37.973587,Person_1,Neutral,NORMAL
2025-10-20 20:19:38.130757,Person_1,Neutral,NORMAL
2025-10-20 20:19:38.522256,Person_1,Neutral,NORMAL
2025-10-20 20:19:38.781332,Person_1,Neutral,NORMAL
2025-10-20 20:19:38.929447,Person_1,Neutral,NORMAL
2025-10-20 20:19:39.075951,Person_1,Neutral,NORMAL
2025-10-20 20:19:39.232943,Person_1,Neutral,NORMAL
2025-10-20 20:19:39.392524,Person_1,Neutral,NORMAL
2025-10-20 20:19:39.531493,Person_1,Neutral,NORMAL
2025-10-20 20:19:39.679041,Person_1,Neutral,NORMAL
2025-10-20 20:19:39.833127,Person_1,Neutral,NORMAL
2025-10-20 20:19:39.992696,Person_1,Neutral,NORMAL
2025-10-20 20:19:40.149526,Person_1,Neutral,NORMAL
2025-10-20 20:19:40.304943,Person_1,Neutral,NORMAL
2025-10-20 20:19:40.463805,Person_1,Fear,ALERT
2025-10-20 20:19:40.622931,Person_1,Neutral,NORMAL
2025-10-20 20:19:40.777394,Person_1,Fear,ALERT
2025-10-20 20:19:40.994298,Person_1,Fear,ALERT
2025-10-20 20:19:41.149654,Person_1,Fear,ALERT
2025-10-20 20:19:41.292067,Person_1,Fear,ALERT
2025-10-20 20:19:41.447555,Person_1,Fear,ALERT
2025-10-20 20:19:42.615143,Person_1,Fear,ALERT
2025-10-20 20:19:42.773123,Person_1,Fear,ALERT
2025-10-20 20:19:42.929719,Person_1,Fear,ALERT
2025-10-20 20:19:43.068509,Person_1,Fear,ALERT
2025-10-20 20:19:43.210513,Person_1,Fear,ALERT
2025-10-20 20:19:43.372334,Person_1,Fear,ALERT
2025-10-20 20:19:43.527983,Person_1,Fear,ALERT
2025-10-20 20:19:43.668836,Person_1,Fear,ALERT
2025-10-20 20:19:43.872977,Person_1,Fear,ALERT
2025-10-20 20:19:44.016108,Person_1,Fear,ALERT
2025-10-20 20:19:44.157036,Person_1,Fear,ALERT
2025-10-20 20:19:44.305407,Person_1,Fear,ALERT
2025-10-20 20:19:44.460107,Person_1,Fear,ALERT
2025-10-20 20:19:44.616946,Person_1,Fear,ALERT
2025-10-20 20:19:44.761743,Person_1,Fear,ALERT
2025-10-20 20:19:44.915058,Person_1,Fear,ALERT
2025-10-20 20:19:45.081442,Person_1,Fear,ALERT
2025-10-20 20:19:45.234480,Person_1,Fear,ALERT
2025-10-20 20:19:45.404051,Person_1,Fear,ALERT
2025-10-20 20:19:45.562284,Person_1,Fear,ALERT
2025-10-20 20:19:45.773692,Person_1,Fear,ALERT
2025-10-20 20:19:45.929657,Person_1,Fear,ALERT
2025-10-20 20:19:46.068141,Person_1,Fear,ALERT
2025-10-20 20:19:46.212333,Person_1,Fear,ALERT
2025-10-20 20:19:46.371129,Person_1,Fear,ALERT
2025-10-20 20:19:46.526198,Person_1,Neutral,NORMAL
2025-10-20 20:19:46.684157,Person_1,Sad,ALERT
2025-10-20 20:19:48.326892,Person_1,Happy,NORMAL
2025-10-20 20:19:48.485448,Person_1,Happy,NORMAL
2025-10-20 20:19:48.640260,Person_1,Happy,NORMAL
2025-10-20 20:19:48.792158,Person_1,Happy,NORMAL
2025-10-20 20:19:49.022005,Person_1,Happy,NORMAL
2025-10-20 20:19:49.176294,Person_1,Happy,NORMAL
2025-10-20 20:19:49.335874,Person_1,Happy,NORMAL
2025-10-20 20:19:49.492638,Person_1,Happy,NORMAL
2025-10-20 20:19:49.646769,Person_1,Happy,NORMAL
2025-10-20 20:19:49.804380,Person_1,Happy,NORMAL
2025-10-20 20:19:49.959193,Person_1,Neutral,NORMAL
2025-10-20 20:19:50.116938,Person_1,Neutral,NORMAL
2025-10-20 20:19:50.281296,Person_1,Neutral,NORMAL
2025-10-20 20:19:50.436471,Person_1,Neutral,NORMAL
2025-10-20 20:19:50.591476,Person_1,Neutral,NORMAL
2025-10-20 20:19:50.813454,Person_1,Neutral,NORMAL
2025-10-20 20:19:50.970034,Person_1,Angry,ALERT
2025-10-20 20:19:51.126399,Person_1,Sad,ALERT
2025-10-20 20:19:51.283671,Person_1,Angry,ALERT
2025-10-20 20:19:51.444497,Person_1,Sad,ALERT
2025-10-20 20:19:51.617629,Person_1,Sad,ALERT
2025-10-20 20:19:51.771136,Person_1,Sad,ALERT
2025-10-20 20:19:52.950568,Person_1,Sad,ALERT
2025-10-20 20:19:53.106570,Person_1,Sad,ALERT
2025-10-20 20:19:53.261889,Person_1,Angry,ALERT
2025-10-20 20:19:53.486855,Person_1,Angry,ALERT
2025-10-20 20:19:53.644003,Person_1,Sad,ALERT
2025-10-20 20:19:53.799733,Person_1,Sad,ALERT
2025-10-20 20:19:53.958866,Person_1,Angry,ALERT
2025-10-20 20:19:54.117153,Person_1,Sad,ALERT
2025-10-20 20:19:54.271772,Person_1,Sad,ALERT
2025-10-20 20:19:54.425643,Person_1,Sad,ALERT
2025-10-20 20:19:54.585023,Person_1,Sad,ALERT
2025-10-20 20:19:54.744187,Person_1,Sad,ALERT
2025-10-20 20:19:54.900796,Person_1,Sad,ALERT
2025-10-20 20:19:55.053545,Person_1,Sad,ALERT
2025-10-20 20:19:55.279472,Person_1,Sad,ALERT
2025-10-20 20:19:55.434780,Person_1,Sad,ALERT
2025-10-20 20:19:55.593761,Person_1,Sad,ALERT
2025-10-20 20:19:55.750809,Person_1,Sad,ALERT
2025-10-20 20:19:55.910174,Person_1,Sad,ALERT
2025-10-20 20:19:56.070575,Person_1,Sad,ALERT
2025-10-20 20:19:56.225124,Person_1,Sad,ALERT
2025-10-20 20:19:56.383479,Person_1,Sad,ALERT
2025-10-20 20:19:56.538844,Person_1,Sad,ALERT
2025-10-20 20:19:56.758636,Person_1,Sad,ALERT
2025-10-20 20:19:56.915679,Person_1,Sad,ALERT
2025-10-20 20:19:58.109011,Person_1,Sad,ALERT
2025-10-20 20:19:58.287041,Person_1,Neutral,NORMAL
2025-10-20 20:19:58.457311,Person_1,Sad,ALERT
2025-10-20 20:19:58.614387,Person_1,Happy,NORMAL
2025-10-20 20:19:58.769661,Person_1,Happy,NORMAL
2025-10-20 20:19:58.928047,Person_1,Happy,NORMAL
2025-10-20 20:19:59.085830,Person_1,Neutral,NORMAL
2025-10-20 20:19:59.239714,Person_1,Neutral,NORMAL
2025-10-20 20:19:59.401489,Person_1,Neutral,NORMAL
2025-10-20 20:19:59.613441,Person_1,Neutral,NORMAL
2025-10-20 20:19:59.763350,Person_1,Sad,ALERT
2025-10-20 20:19:59.918113,Person_1,Sad,ALERT
2025-10-20 20:20:00.075286,Person_1,Sad,ALERT
2025-10-20 20:20:00.234952,Person_1,Neutral,NORMAL
2025-10-20 20:20:00.389060,Person_1,Neutral,NORMAL
2025-10-20 20:20:00.547905,Person_1,Neutral,NORMAL
2025-10-20 20:20:04.282126,Person_1,Neutral,NORMAL
2025-10-20 20:20:04.444575,Person_1,Neutral,NORMAL
2025-10-20 20:20:05.040050,Person_1,Happy,NORMAL
2025-10-20 20:20:05.203863,Person_1,Neutral,NORMAL
2025-10-20 20:20:07.638528,Person_1,Neutral,NORMAL
2025-10-20 20:20:07.800899,Person_1,Neutral,NORMAL
2025-10-20 20:20:07.954694,Person_1,Neutral,NORMAL
2025-10-20 20:20:08.115015,Person_1,Neutral,NORMAL
2025-10-20 20:20:08.274400,Person_1,Neutral,NORMAL
2025-10-20 20:20:08.491155,Person_1,Neutral,NORMAL
2025-10-20 20:20:08.672744,Person_1,Neutral,NORMAL
2025-10-20 20:20:08.845458,Person_1,Neutral,NORMAL
2025-10-20 20:20:09.022161,Person_1,Neutral,NORMAL
2025-10-20 20:20:09.210560,Person_1,Neutral,NORMAL
2025-10-20 20:20:09.381829,Person_1,Neutral,NORMAL
2025-10-20 20:20:09.553120,Person_1,Neutral,NORMAL
2025-10-20 20:20:09.729380,Person_1,Neutral,NORMAL
2025-10-20 20:20:09.901054,Person_1,Neutral,NORMAL
2025-10-20 20:20:10.158281,Person_1,Neutral,NORMAL
2025-10-20 20:20:10.345858,Person_1,Neutral,NORMAL
2025-10-20 20:20:10.518767,Person_1,Neutral,NORMAL
2025-10-20 20:20:10.707059,Person_1,Neutral,NORMAL
2025-10-20 20:20:10.882811,Person_1,Neutral,NORMAL
2025-10-20 20:20:11.216278,Person_1,Happy,NORMAL
2025-10-20 20:20:11.403468,Person_1,Sad,ALERT
2025-10-20 20:20:11.716119,Person_1,Neutral,NORMAL
2025-10-20 20:20:11.914268,Person_1,Neutral,NORMAL
2025-10-20 20:20:12.182435,Person_1,Neutral,NORMAL
2025-10-20 20:20:12.382231,Person_1,Neutral,NORMAL
2025-10-20 20:20:12.569041,Person_1,Neutral,NORMAL
2025-10-20 20:20:12.741475,Person_1,Neutral,NORMAL
2025-10-20 20:20:12.911663,Person_1,Neutral,NORMAL
2025-10-20 20:20:13.086986,Person_1,Neutral,NORMAL
2025-10-20 20:20:13.262018,Person_1,Neutral,NORMAL
2025-10-20 20:20:13.454028,Person_1,Neutral,NORMAL
2025-10-20 20:20:13.628153,Person_1,Neutral,NORMAL
2025-10-20 20:20:13.809018,Person_1,Neutral,NORMAL
2025-10-20 20:20:13.975666,Person_1,Sad,ALERT
2025-10-20 20:20:14.218598,Person_1,Sad,ALERT
2025-10-20 20:20:14.387078,Person_1,Sad,ALERT
2025-10-20 20:20:14.561634,Person_1,Sad,ALERT
2025-10-20 20:20:14.733161,Person_1,Sad,ALERT
2025-10-20 20:20:14.906095,Person_1,Sad,ALERT
2025-10-20 20:20:16.653879,Person_1,Neutral,NORMAL
2025-10-20 20:20:16.822857,Person_1,Neutral,NORMAL
2025-10-20 20:20:16.976992,Person_1,Sad,ALERT
2025-10-20 20:20:17.133840,Person_1,Neutral,NORMAL
2025-10-20 20:20:17.291375,Person_1,Neutral,NORMAL
2025-10-20 20:20:17.445551,Person_1,Neutral,NORMAL
2025-10-20 20:20:17.664034,Person_1,Neutral,NORMAL
2025-10-20 20:20:17.821561,Person_1,Neutral,NORMAL
2025-10-20 20:20:17.978452,Person_1,Neutral,NORMAL
2025-10-20 20:20:18.138062,Person_1,Sad,ALERT
2025-10-20 20:20:18.295514,Person_1,Neutral,NORMAL
2025-10-20 20:20:18.450694,Person_1,Neutral,NORMAL
2025-10-20 20:20:18.612446,Person_1,Neutral,NORMAL
2025-10-20 20:20:18.780796,Person_1,Neutral,NORMAL
2025-10-20 20:20:18.961137,Person_1,Neutral,NORMAL
2025-10-20 20:20:19.213602,Person_1,Neutral,NORMAL
2025-10-20 20:20:19.404622,Person_1,Neutral,NORMAL
2025-10-20 20:20:19.577313,Person_1,Neutral,NORMAL
2025-10-20 20:20:19.750189,Person_1,Neutral,NORMAL
2025-10-20 20:20:19.942127,Person_1,Neutral,NORMAL
2025-10-20 20:20:20.127558,Person_1,Neutral,NORMAL
2025-10-20 20:20:20.301078,Person_1,Neutral,NORMAL
2025-10-20 20:20:20.472350,Person_1,Neutral,NORMAL
2025-10-20 20:20:20.647402,Person_1,Neutral,NORMAL
2025-10-20 20:20:20.819118,Person_1,Neutral,NORMAL
2025-10-20 20:20:20.994794,Person_1,Neutral,NORMAL
2025-10-20 20:20:21.238472,Person_1,Neutral,NORMAL
2025-10-20 20:20:21.425232,Person_1,Neutral,NORMAL
2025-10-20 20:20:21.614600,Person_1,Neutral,NORMAL
2025-10-20 20:20:21.801993,Person_1,Neutral,NORMAL
2025-10-20 20:20:21.990466,Person_1,Neutral,NORMAL
2025-10-20 20:20:22.181525,Person_1,Neutral,NORMAL
2025-10-20 20:20:22.372239,Person_1,Neutral,NORMAL
2025-10-20 20:20:22.558816,Person_1,Neutral,NORMAL
2025-10-20 20:20:23.266296,Person_1,Neutral,NORMAL
2025-10-20 20:20:23.453918,Person_1,Neutral,NORMAL
2025-10-20 20:20:23.645669,Person_1,Neutral,NORMAL
2025-10-20 20:20:23.834308,Person_1,Neutral,NORMAL
2025-10-20 20:20:24.027880,Person_1,Neutral,NORMAL
2025-10-20 20:20:24.214500,Person_1,Neutral,NORMAL
2025-10-20 20:20:24.399842,Person_1,Neutral,NORMAL
2025-10-20 20:20:24.576608,Person_1,Neutral,NORMAL
2025-10-20 20:20:24.762451,Person_1,Neutral,NORMAL
2025-10-20 20:20:24.998142,Person_1,Sad,ALERT
2025-10-20 20:20:25.039184,Person_2,Neutral,NORMAL
2025-10-20 20:20:25.218260,Person_1,Sad,ALERT
2025-10-20 20:20:25.258599,Person_2,Neutral,NORMAL
2025-10-20 20:20:25.449878,Person_1,Sad,ALERT
2025-10-20 20:20:25.652844,Person_1,Angry,ALERT
2025-10-20 20:20:25.829228,Person_1,Angry,ALERT
2025-10-20 20:20:26.005133,Person_1,Sad,ALERT
2025-10-20 20:20:28.016952,Person_1,Neutral,NORMAL
2025-10-20 20:20:32.263117,Person_1,Fear,ALERT
2025-10-20 20:20:34.039735,Person_1,Neutral,NORMAL
2025-10-20 20:20:34.204139,Person_1,Neutral,NORMAL
2025-10-20 20:20:34.370221,Person_1,Neutral,NORMAL
2025-10-20 20:20:34.525525,Person_1,Neutral,NORMAL
2025-10-20 20:20:34.683120,Person_1,Fear,ALERT
2025-10-20 20:20:34.718829,Person_2,Neutral,NORMAL
2025-10-20 20:20:34.932353,Person_1,Neutral,NORMAL
2025-10-20 20:20:35.090306,Person_1,Fear,ALERT
2025-10-20 20:20:35.124876,Person_2,Neutral,NORMAL
2025-10-20 20:20:35.284346,Person_1,Sad,ALERT
2025-10-20 20:20:35.318716,Person_2,Neutral,NORMAL
2025-10-20 20:20:35.474895,Person_1,Fear,ALERT
2025-10-20 20:20:35.508511,Person_2,Neutral,NORMAL
2025-10-20 20:20:35.664751,Person_1,Happy,NORMAL
2025-10-20 20:20:35.698529,Person_2,Neutral,NORMAL
2025-10-20 20:20:35.874510,Person_1,Neutral,NORMAL
2025-10-20 20:20:35.914356,Person_2,Angry,ALERT
2025-10-20 20:20:36.097510,Person_1,Sad,ALERT
2025-10-20 20:20:36.288795,Person_1,Neutral,NORMAL
2025-10-20 20:20:36.333589,Person_2,Angry,ALERT
2025-10-20 20:20:36.523808,Person_1,Angry,ALERT
2025-10-20 20:20:36.565777,Person_2,Neutral,NORMAL
2025-10-20 20:20:36.829966,Person_1,Angry,ALERT
2025-10-20 20:20:36.874594,Person_2,Neutral,NORMAL
2025-10-20 20:20:37.073528,Person_1,Angry,ALERT
2025-10-20 20:20:37.115542,Person_2,Neutral,NORMAL
2025-10-20 20:20:37.311816,Person_1,Angry,ALERT
2025-10-20 20:20:39.208950,Person_2,Neutral,NORMAL
2025-10-20 20:20:39.383750,Person_1,Fear,ALERT
2025-10-20 20:20:39.418616,Person_2,Neutral,NORMAL
2025-10-20 20:20:39.587168,Person_1,Angry,ALERT
2025-10-20 20:20:39.623671,Person_2,Neutral,NORMAL
2025-10-20 20:20:39.776413,Person_1,Fear,ALERT
2025-10-20 20:20:39.812703,Person_2,Neutral,NORMAL
2025-10-20 20:20:39.966914,Person_1,Fear,ALERT
2025-10-20 20:20:40.002228,Person_2,Neutral,NORMAL
2025-10-20 20:20:40.172391,Person_1,Fear,ALERT
2025-10-20 20:20:40.210282,Person_2,Happy,NORMAL
2025-10-20 20:20:40.360952,Person_1,Fear,ALERT
2025-10-20 20:20:40.396351,Person_2,Happy,NORMAL
2025-10-20 20:20:40.629029,Person_1,Fear,ALERT
2025-10-20 20:20:40.662448,Person_2,Happy,NORMAL
2025-10-20 20:20:40.819459,Person_1,Fear,ALERT
2025-10-20 20:20:40.853137,Person_2,Happy,NORMAL
2025-10-20 20:20:41.026525,Person_1,Angry,ALERT
2025-10-20 20:20:41.065491,Person_2,Happy,NORMAL
2025-10-20 20:20:41.265203,Person_1,Fear,ALERT
2025-10-20 20:20:41.301854,Person_2,Neutral,NORMAL
2025-10-20 20:20:41.489679,Person_1,Neutral,NORMAL
2025-10-20 20:20:41.690948,Person_1,Happy,NORMAL
2025-10-20 20:20:41.730019,Person_2,Neutral,NORMAL
2025-10-20 20:20:41.923896,Person_1,Angry,ALERT
2025-10-20 20:20:41.961687,Person_2,Neutral,NORMAL
2025-10-20 20:20:42.149762,Person_1,Fear,ALERT
2025-10-20 20:20:42.188805,Person_2,Neutral,NORMAL
2025-10-20 20:20:42.369795,Person_1,Angry,ALERT
2025-10-20 20:20:43.732019,Person_2,Neutral,NORMAL
2025-10-20 20:20:44.470863,Person_1,Fear,ALERT
2025-10-20 20:20:44.778244,Person_1,Fear,ALERT
2025-10-20 20:20:44.991006,Person_1,Neutral,NORMAL
2025-10-20 20:20:45.035014,Person_2,Fear,ALERT
2025-10-20 20:20:45.240515,Person_1,Fear,ALERT
2025-10-20 20:20:45.283710,Person_2,Sad,ALERT
2025-10-20 20:20:45.484042,Person_1,Fear,ALERT
2025-10-20 20:20:45.529848,Person_2,Sad,ALERT
2025-10-20 20:20:45.730047,Person_1,Fear,ALERT
2025-10-20 20:20:45.775003,Person_2,Neutral,NORMAL
2025-10-20 20:20:46.042620,Person_1,Fear,ALERT
2025-10-20 20:20:46.085053,Person_2,Neutral,NORMAL
2025-10-20 20:20:46.275350,Person_1,Fear,ALERT
2025-10-20 20:20:46.316903,Person_2,Neutral,NORMAL
2025-10-20 20:20:46.522524,Person_1,Fear,ALERT
2025-10-20 20:20:46.572661,Person_2,Neutral,NORMAL
2025-10-20 20:20:46.782187,Person_1,Fear,ALERT
2025-10-20 20:20:46.826965,Person_2,Neutral,NORMAL
2025-10-20 20:20:47.024318,Person_1,Neutral,NORMAL
2025-10-20 20:20:47.235523,Person_1,Fear,ALERT
2025-10-20 20:20:47.276832,Person_2,Neutral,NORMAL
2025-10-20 20:20:47.480984,Person_1,Angry,ALERT
2025-10-20 20:20:49.660876,Person_2,Neutral,NORMAL
2025-10-20 20:20:49.834122,Person_1,Neutral,NORMAL
2025-10-20 20:20:49.986733,Person_1,Neutral,NORMAL
2025-10-20 20:20:50.210699,Person_1,Fear,ALERT
2025-10-20 20:20:50.245533,Person_2,Neutral,NORMAL
2025-10-20 20:20:50.397489,Person_1,Neutral,NORMAL
2025-10-20 20:20:50.560154,Person_1,Neutral,NORMAL
2025-10-20 20:20:50.715957,Person_1,Fear,ALERT
2025-10-20 20:20:50.750333,Person_2,Neutral,NORMAL
2025-10-20 20:20:50.926264,Person_1,Fear,ALERT
2025-10-20 20:20:50.959026,Person_2,Neutral,NORMAL
2025-10-20 20:20:51.124125,Person_1,Fear,ALERT
2025-10-20 20:20:51.159488,Person_2,Neutral,NORMAL
2025-10-20 20:20:51.336696,Person_1,Fear,ALERT
2025-10-20 20:20:51.372194,Person_2,Neutral,NORMAL
2025-10-20 20:20:51.538621,Person_1,Fear,ALERT
2025-10-20 20:20:51.572792,Person_2,Neutral,NORMAL
2025-10-20 20:20:51.744820,Person_1,Neutral,NORMAL
2025-10-20 20:20:51.922281,Person_1,Neutral,NORMAL
2025-10-20 20:20:52.175458,Person_1,Neutral,NORMAL
2025-10-20 20:20:52.365722,Person_1,Neutral,NORMAL
2025-10-20 20:20:52.558759,Person_1,Fear,ALERT
2025-10-20 20:20:53.942537,Person_2,Neutral,NORMAL
2025-10-20 20:20:54.121155,Person_1,Neutral,NORMAL
2025-10-20 20:20:54.270854,Person_1,Neutral,NORMAL
2025-10-20 20:20:54.429889,Person_1,Neutral,NORMAL
2025-10-20 20:20:54.587086,Person_1,Neutral,NORMAL
2025-10-20 20:20:54.749897,Person_1,Fear,ALERT
2025-10-20 20:20:54.789078,Person_2,Neutral,NORMAL
2025-10-20 20:20:54.973579,Person_1,Neutral,NORMAL
2025-10-20 20:20:55.228645,Person_1,Fear,ALERT
2025-10-20 20:20:55.269861,Person_2,Neutral,NORMAL
2025-10-20 20:20:55.465717,Person_1,Happy,NORMAL
2025-10-20 20:20:55.505411,Person_2,Happy,NORMAL
2025-10-20 20:20:55.701745,Person_1,Fear,ALERT
2025-10-20 20:20:55.743858,Person_2,Happy,NORMAL
2025-10-20 20:20:55.941814,Person_1,Happy,NORMAL
2025-10-20 20:20:56.165876,Person_1,Fear,ALERT
2025-10-20 20:20:56.215875,Person_2,Happy,NORMAL
2025-10-20 20:20:56.444328,Person_1,Angry,ALERT
2025-10-20 20:20:56.509912,Person_2,Happy,NORMAL
2025-10-20 20:20:56.748110,Person_1,Happy,NORMAL
2025-10-20 20:20:56.960882,Person_1,Fear,ALERT
2025-10-20 20:20:57.003314,Person_2,Happy,NORMAL
2025-10-20 20:20:57.197342,Person_1,Angry,ALERT
2025-10-20 20:20:57.239913,Person_2,Happy,NORMAL
2025-10-20 20:20:57.442408,Person_1,Fear,ALERT
2025-10-20 20:20:57.489059,Person_2,Happy,NORMAL
2025-10-20 20:20:57.766923,Person_1,Fear,ALERT
2025-10-20 20:20:59.165702,Person_2,Happy,NORMAL
2025-10-20 20:20:59.321387,Person_1,Fear,ALERT
2025-10-20 20:20:59.358399,Person_2,Happy,NORMAL
2025-10-20 20:20:59.529561,Person_1,Angry,ALERT
2025-10-20 20:20:59.567075,Person_2,Neutral,NORMAL
2025-10-20 20:20:59.734263,Person_1,Fear,ALERT
2025-10-20 20:20:59.772042,Person_2,Neutral,NORMAL
2025-10-20 20:20:59.954308,Person_1,Fear,ALERT
2025-10-20 20:20:59.993194,Person_2,Neutral,NORMAL
2025-10-20 20:21:00.180342,Person_1,Fear,ALERT
2025-10-20 20:21:00.220454,Person_2,Happy,NORMAL
2025-10-20 20:21:00.418761,Person_1,Fear,ALERT
2025-10-20 20:21:00.459536,Person_2,Happy,NORMAL
2025-10-20 20:21:00.664320,Person_1,Angry,ALERT
2025-10-20 20:21:00.714326,Person_2,Happy,NORMAL
2025-10-20 20:21:00.992020,Person_1,Fear,ALERT
2025-10-20 20:21:01.066561,Person_2,Happy,NORMAL
2025-10-20 20:21:01.475548,Person_1,Fear,ALERT
2025-10-20 20:21:01.556779,Person_2,Neutral,NORMAL
2025-10-20 20:21:01.816786,Person_1,Fear,ALERT
2025-10-20 20:21:01.868000,Person_2,Happy,NORMAL
2025-10-20 20:21:02.092594,Person_1,Fear,ALERT
2025-10-20 20:21:02.137944,Person_2,Happy,NORMAL
2025-10-20 20:21:02.340742,Person_1,Fear,ALERT
2025-10-20 20:21:02.382967,Person_2,Happy,NORMAL
2025-10-20 20:21:02.572264,Person_1,Happy,NORMAL
2025-10-20 20:21:02.766677,Person_1,Angry,ALERT
2025-10-20 20:21:02.810024,Person_2,Happy,NORMAL
2025-10-20 20:21:03.002262,Person_1,Fear,ALERT
2025-10-20 20:21:08.573442,Person_2,Neutral,NORMAL
2025-10-20 20:21:08.730495,Person_1,Neutral,NORMAL
2025-10-20 20:21:08.884223,Person_1,Neutral,NORMAL
2025-10-20 20:21:09.042330,Person_1,Neutral,NORMAL
2025-10-20 20:21:09.263759,Person_1,Neutral,NORMAL
2025-10-20 20:21:09.425571,Person_1,Neutral,NORMAL
2025-10-20 20:21:09.597739,Person_1,Neutral,NORMAL
2025-10-20 20:21:09.757443,Person_1,Neutral,NORMAL
2025-10-20 20:21:09.914626,Person_1,Neutral,NORMAL
2025-10-20 20:21:10.079448,Person_1,Neutral,NORMAL
2025-10-20 20:21:10.240707,Person_1,Neutral,NORMAL
2025-10-20 20:21:10.399743,Person_1,Neutral,NORMAL
2025-10-20 20:21:10.558123,Person_1,Neutral,NORMAL
2025-10-20 20:21:10.716889,Person_1,Neutral,NORMAL
2025-10-20 20:21:10.969419,Person_1,Neutral,NORMAL
2025-10-20 20:21:11.141400,Person_1,Neutral,NORMAL
2025-10-20 20:21:11.302179,Person_1,Neutral,NORMAL
2025-10-20 20:21:11.452839,Person_1,Neutral,NORMAL
2025-10-20 20:21:11.615869,Person_1,Neutral,NORMAL
2025-10-20 20:21:11.766955,Person_1,Neutral,NORMAL
2025-10-20 20:21:11.927098,Person_1,Neutral,NORMAL
2025-10-20 20:21:12.090230,Person_1,Neutral,NORMAL
2025-10-20 20:21:12.265958,Person_1,Neutral,NORMAL
2025-10-20 20:21:12.444451,Person_1,Neutral,NORMAL
2025-10-20 20:21:12.695072,Person_1,Neutral,NORMAL
2025-10-20 20:21:12.885817,Person_1,Neutral,NORMAL
2025-10-20 20:21:13.089956,Person_1,Neutral,NORMAL
2025-10-20 20:21:13.298173,Person_1,Neutral,NORMAL
2025-10-20 20:21:13.492584,Person_1,Neutral,NORMAL
2025-10-20 20:21:13.694332,Person_1,Neutral,NORMAL
2025-10-20 20:21:13.885899,Person_1,Neutral,NORMAL
2025-10-20 20:21:14.074305,Person_1,Neutral,NORMAL
2025-10-20 20:21:14.286376,Person_1,Neutral,NORMAL
2025-10-20 20:21:14.506689,Person_1,Neutral,NORMAL
2025-10-20 20:21:14.814435,Person_1,Neutral,NORMAL
2025-10-20 20:21:15.104178,Person_1,Neutral,NORMAL
2025-10-20 20:21:15.384526,Person_1,Neutral,NORMAL
2025-10-20 20:21:15.637819,Person_1,Happy,NORMAL
2025-10-20 20:21:15.870769,Person_1,Happy,NORMAL
2025-10-20 20:21:16.098061,Person_1,Happy,NORMAL
2025-10-20 20:21:16.323877,Person_1,Happy,NORMAL
2025-10-20 20:21:16.557590,Person_1,Happy,NORMAL
2025-10-20 20:21:16.789085,Person_1,Neutral,NORMAL
2025-10-20 20:21:17.096206,Person_1,Neutral,NORMAL
2025-10-20 20:21:17.324192,Person_1,Neutral,NORMAL
2025-10-20 20:21:17.535020,Person_1,Neutral,NORMAL
2025-10-20 20:21:17.751174,Person_1,Neutral,NORMAL
2025-10-20 20:21:17.950076,Person_1,Neutral,NORMAL
2025-10-20 20:21:18.137083,Person_1,Neutral,NORMAL
2025-10-20 20:21:18.332234,Person_1,Neutral,NORMAL
2025-10-20 20:21:18.537814,Person_1,Neutral,NORMAL
2025-10-20 20:21:18.742607,Person_1,Neutral,NORMAL
2025-10-20 20:21:18.969752,Person_1,Neutral,NORMAL
2025-10-20 20:21:19.303344,Person_1,Neutral,NORMAL
2025-10-20 20:21:19.567524,Person_1,Neutral,NORMAL
2025-10-20 20:21:19.807153,Person_1,Neutral,NORMAL
2025-10-20 20:21:20.034701,Person_1,Neutral,NORMAL
2025-10-20 20:21:20.232173,Person_1,Neutral,NORMAL
2025-10-20 20:21:20.436883,Person_1,Neutral,NORMAL
2025-10-20 20:21:20.638956,Person_1,Neutral,NORMAL
2025-10-20 20:21:20.844479,Person_1,Neutral,NORMAL
2025-10-20 20:21:21.049058,Person_1,Neutral,NORMAL
2025-10-20 20:21:21.321696,Person_1,Neutral,NORMAL
2025-10-20 20:21:21.530658,Person_1,Neutral,NORMAL
2025-10-20 20:21:21.725194,Person_1,Neutral,NORMAL
2025-10-20 20:21:21.931605,Person_1,Neutral,NORMAL
2025-10-20 20:21:22.133098,Person_1,Neutral,NORMAL
2025-10-20 20:21:22.322895,Person_1,Neutral,NORMAL
2025-10-20 20:21:22.511351,Person_1,Neutral,NORMAL
2025-10-20 20:21:22.715681,Person_1,Neutral,NORMAL
2025-10-20 20:21:22.901999,Person_1,Neutral,NORMAL
2025-10-20 20:21:23.097875,Person_1,Neutral,NORMAL
2025-10-20 20:21:23.364388,Person_1,Neutral,NORMAL
2025-10-20 20:21:23.565914,Person_1,Neutral,NORMAL
2025-10-20 20:21:23.764316,Person_1,Neutral,NORMAL
2025-10-20 20:21:23.959711,Person_1,Neutral,NORMAL
2025-10-20 20:21:24.166106,Person_1,Neutral,NORMAL
2025-10-20 20:21:24.355011,Person_1,Neutral,NORMAL
2025-10-20 20:21:24.559813,Person_1,Neutral,NORMAL
2025-10-20 20:21:24.749872,Person_1,Neutral,NORMAL
2025-10-20 20:21:24.955278,Person_1,Neutral,NORMAL
2025-10-20 20:21:25.225634,Person_1,Neutral,NORMAL
2025-10-20 20:21:25.415894,Person_1,Neutral,NORMAL
2025-10-20 20:21:25.610298,Person_1,Neutral,NORMAL
2025-10-20 20:21:25.812455,Person_1,Neutral,NORMAL
2025-10-20 20:21:26.017758,Person_1,Neutral,NORMAL
2025-10-20 20:21:26.220835,Person_1,Neutral,NORMAL
2025-10-20 20:21:26.410348,Person_1,Neutral,NORMAL
2025-10-20 20:21:26.621762,Person_1,Neutral,NORMAL
2025-10-20 20:21:26.825814,Person_1,Neutral,NORMAL
2025-10-20 20:21:27.093290,Person_1,Neutral,NORMAL
2025-10-20 20:21:27.285716,Person_1,Neutral,NORMAL
2025-10-20 20:21:27.494337,Person_1,Neutral,NORMAL
2025-10-20 20:21:27.714143,Person_1,Neutral,NORMAL
2025-10-20 20:21:27.937483,Person_1,Neutral,NORMAL
2025-10-20 20:21:28.373157,Person_1,Neutral,NORMAL
2025-10-20 20:21:28.643970,Person_1,Neutral,NORMAL
2025-10-20 20:21:28.932581,Person_1,Neutral,NORMAL
2025-10-20 20:21:29.445606,Person_1,Neutral,NORMAL
2025-10-20 20:21:29.648045,Person_1,Neutral,NORMAL
2025-10-20 20:21:29.846395,Person_1,Neutral,NORMAL
2025-10-20 20:21:30.043451,Person_1,Neutral,NORMAL
2025-10-20 20:21:31.189552,Person_1,Neutral,NORMAL
2025-10-20 20:21:31.378597,Person_1,Neutral,NORMAL
2025-10-20 20:21:31.574487,Person_1,Neutral,NORMAL
2025-10-20 20:21:31.777548,Person_1,Neutral,NORMAL
2025-10-20 20:21:31.983314,Person_1,Neutral,NORMAL
2025-10-20 20:21:32.187069,Person_1,Neutral,NORMAL
2025-10-20 20:21:32.377992,Person_1,Neutral,NORMAL
2025-10-20 20:21:32.577309,Person_1,Neutral,NORMAL
2025-10-20 20:21:32.772981,Person_1,Neutral,NORMAL
2025-10-20 20:21:33.195841,Person_1,Neutral,NORMAL
2025-10-20 20:21:33.385079,Person_1,Neutral,NORMAL
2025-10-20 20:21:33.588413,Person_1,Neutral,NORMAL
2025-10-20 20:21:34.881620,Person_1,Fear,ALERT
2025-10-20 20:21:35.076460,Person_1,Sad,ALERT
2025-10-20 20:21:35.290995,Person_1,Happy,NORMAL
2025-10-20 20:21:35.505746,Person_1,Sad,ALERT
2025-10-20 20:21:35.723028,Person_1,Happy,NORMAL
2025-10-20 20:21:35.932305,Person_1,Happy,NORMAL
2025-10-20 20:21:36.134344,Person_1,Happy,NORMAL
2025-10-20 20:21:36.340388,Person_1,Happy,NORMAL
2025-10-20 20:21:37.798102,Person_1,Happy,NORMAL
2025-10-20 20:21:37.999514,Person_1,Happy,NORMAL
2025-10-20 20:21:38.281050,Person_1,Happy,NORMAL
2025-10-20 20:21:38.483355,Person_1,Happy,NORMAL
2025-10-20 20:21:38.696887,Person_1,Happy,NORMAL
2025-10-20 20:21:38.902870,Person_1,Happy,NORMAL
2025-10-20 20:21:39.266001,Person_1,Happy,NORMAL
2025-10-20 20:21:39.751391,Person_1,Happy,NORMAL
2025-10-20 20:21:39.941441,Person_1,Happy,NORMAL
2025-10-20 20:21:40.214493,Person_1,Happy,NORMAL
2025-10-20 20:21:40.414990,Person_1,Happy,NORMAL
2025-10-20 20:21:40.616594,Person_1,Happy,NORMAL
2025-10-20 20:21:40.808089,Person_1,Happy,NORMAL
2025-10-20 20:21:41.014664,Person_1,Happy,NORMAL
2025-10-20 20:21:41.217082,Person_1,Happy,NORMAL
2025-10-20 20:21:41.419931,Person_1,Happy,NORMAL
2025-10-20 20:21:41.627354,Person_1,Happy,NORMAL
2025-10-20 20:21:41.828663,Person_1,Happy,NORMAL
2025-10-20 20:21:42.016312,Person_1,Happy,NORMAL
2025-10-20 20:21:42.284622,Person_1,Happy,NORMAL
2025-10-20 20:21:42.474934,Person_1,Happy,NORMAL
2025-10-20 20:21:42.662553,Person_1,Happy,NORMAL
2025-10-20 20:21:42.869308,Person_1,Happy,NORMAL
2025-10-20 20:21:43.231536,Person_1,Happy,NORMAL
2025-10-20 20:21:43.578720,Person_1,Neutral,NORMAL
2025-10-20 20:21:43.783611,Person_1,Neutral,NORMAL
2025-10-20 20:21:44.058167,Person_1,Neutral,NORMAL
2025-10-20 20:21:44.279077,Person_1,Neutral,NORMAL
2025-10-20 20:21:46.158365,Person_1,Fear,ALERT
2025-10-20 20:21:48.557321,Person_1,Happy,NORMAL
2025-10-20 20:21:48.749196,Person_1,Happy,NORMAL
2025-10-20 20:21:48.955964,Person_1,Happy,NORMAL
2025-10-20 20:21:49.158649,Person_1,Happy,NORMAL
2025-10-20 20:21:49.365788,Person_1,Happy,NORMAL
2025-10-20 20:21:50.721342,Person_1,Happy,NORMAL
2025-10-20 20:21:50.947301,Person_1,Happy,NORMAL
2025-10-20 20:21:51.207244,Person_1,Happy,NORMAL
2025-10-20 20:21:53.252225,Person_1,Happy,NORMAL
2025-10-20 20:21:53.481171,Person_1,Sad,ALERT
2025-10-20 20:21:53.529872,Person_2,Happy,NORMAL
2025-10-20 20:21:53.732437,Person_1,Happy,NORMAL
2025-10-20 20:21:53.938390,Person_1,Happy,NORMAL
2025-10-20 20:21:54.157415,Person_1,Happy,NORMAL
2025-10-20 20:21:54.368327,Person_1,Happy,NORMAL
2025-10-20 20:21:54.582287,Person_1,Happy,NORMAL
2025-10-20 20:21:54.788717,Person_1,Happy,NORMAL
2025-10-20 20:21:54.989574,Person_1,Happy,NORMAL
2025-10-20 20:21:55.282006,Person_1,Happy,NORMAL
2025-10-20 20:21:55.515969,Person_1,Happy,NORMAL
2025-10-20 20:21:55.728464,Person_1,Happy,NORMAL
2025-10-20 20:21:55.939202,Person_1,Happy,NORMAL
2025-10-20 20:21:56.150570,Person_1,Happy,NORMAL
2025-10-20 20:21:56.356119,Person_1,Happy,NORMAL
2025-10-20 20:21:56.562670,Person_1,Happy,NORMAL
2025-10-20 20:21:56.769557,Person_1,Happy,NORMAL
2025-10-20 20:21:56.978911,Person_1,Happy,NORMAL
2025-10-20 20:21:57.182196,Person_1,Happy,NORMAL
2025-10-20 20:21:57.477243,Person_1,Happy,NORMAL
2025-10-20 20:21:57.693247,Person_1,Happy,NORMAL
2025-10-20 20:21:57.910907,Person_1,Happy,NORMAL
2025-10-20 20:21:58.116661,Person_1,Happy,NORMAL
2025-10-20 20:21:58.315689,Person_1,Happy,NORMAL
2025-10-20 20:21:58.502368,Person_1,Happy,NORMAL
2025-10-20 20:21:58.697883,Person_1,Happy,NORMAL
2025-10-20 20:21:58.901791,Person_1,Happy,NORMAL
2025-10-20 20:21:59.100694,Person_1,Happy,NORMAL
2025-10-20 20:21:59.308892,Person_1,Happy,NORMAL
2025-10-20 20:21:59.585278,Person_1,Happy,NORMAL
2025-10-20 20:21:59.790090,Person_1,Happy,NORMAL
2025-10-20 20:21:59.996763,Person_1,Happy,NORMAL
2025-10-20 20:22:00.210105,Person_1,Happy,NORMAL
2025-10-20 20:22:03.599532,Person_1,Happy,NORMAL
2025-10-20 20:22:03.787918,Person_1,Happy,NORMAL
2025-10-20 20:22:03.995338,Person_1,Happy,NORMAL
2025-10-20 20:22:05.147699,Person_1,Happy,NORMAL
2025-10-20 20:22:05.341995,Person_1,Happy,NORMAL
2025-10-20 20:22:05.542483,Person_1,Happy,NORMAL
2025-10-20 20:22:05.752081,Person_1,Happy,NORMAL
2025-10-20 20:22:05.952572,Person_1,Happy,NORMAL
2025-10-20 20:22:06.156482,Person_1,Happy,NORMAL
2025-10-20 20:22:06.357922,Person_1,Happy,NORMAL
2025-10-20 20:22:06.555349,Person_1,Happy,NORMAL
2025-10-20 20:22:06.832443,Person_1,Happy,NORMAL
2025-10-20 20:22:07.043253,Person_1,Happy,NORMAL
2025-10-20 20:22:07.232126,Person_1,Happy,NORMAL
2025-10-20 20:22:07.420849,Person_1,Happy,NORMAL
2025-10-20 20:22:07.776892,Person_1,Happy,NORMAL
2025-10-20 20:22:07.967145,Person_1,Happy,NORMAL
2025-10-20 20:22:08.175457,Person_1,Happy,NORMAL
2025-10-20 20:22:08.366847,Person_1,Happy,NORMAL
2025-10-20 20:22:08.558991,Person_1,Happy,NORMAL
2025-10-20 20:22:08.835810,Person_1,Happy,NORMAL
2025-10-20 20:22:09.049411,Person_1,Happy,NORMAL
2025-10-20 20:22:09.253411,Person_1,Happy,NORMAL
2025-10-20 20:22:09.461415,Person_1,Happy,NORMAL
2025-10-20 20:22:09.665703,Person_1,Happy,NORMAL
2025-10-20 20:22:09.856754,Person_1,Happy,NORMAL
2025-10-20 20:22:10.063027,Person_1,Happy,NORMAL
2025-10-20 20:22:10.268671,Person_1,Happy,NORMAL
2025-10-20 20:22:10.474940,Person_1,Happy,NORMAL
2025-10-20 20:22:10.749708,Person_1,Happy,NORMAL
2025-10-20 20:22:10.966513,Person_1,Happy,NORMAL
2025-10-20 20:22:11.167843,Person_1,Happy,NORMAL
2025-10-20 20:22:11.367915,Person_1,Happy,NORMAL
2025-10-20 20:22:11.603670,Person_1,Happy,NORMAL
2025-10-20 20:22:11.821712,Person_1,Happy,NORMAL
2025-10-20 20:22:12.041465,Person_1,Happy,NORMAL
2025-10-20 20:22:12.240623,Person_1,Happy,NORMAL
2025-10-20 20:22:12.449815,Person_1,Happy,NORMAL
2025-10-20 20:22:12.650954,Person_1,Happy,NORMAL
2025-10-20 20:22:12.994598,Person_1,Happy,NORMAL
2025-10-20 20:22:13.334273,Person_1,Happy,NORMAL
2025-10-20 20:22:13.644729,Person_1,Happy,NORMAL
2025-10-20 20:22:13.891095,Person_1,Happy,NORMAL
2025-10-20 20:22:14.112942,Person_1,Happy,NORMAL
2025-10-20 20:22:14.330341,Person_1,Happy,NORMAL
2025-10-20 20:22:14.533929,Person_1,Happy,NORMAL
2025-10-20 20:22:14.737251,Person_1,Sad,ALERT
2025-10-20 20:22:41.620904,Person_1,Sad,ALERT
2025-10-20 20:22:41.823908,Person_1,Sad,ALERT
2025-10-20 20:22:42.030201,Person_1,Sad,ALERT
2025-10-20 20:23:39.181673,Person_1,Sad,ALERT
2025-10-20 20:23:44.328444,Person_1,Fear,ALERT
2025-10-20 20:23:58.770432,Person_1,Angry,ALERT
2025-10-20 20:24:00.670296,Person_1,Sad,ALERT
2025-10-20 20:24:00.846662,Person_1,Sad,ALERT
2025-10-20 20:24:01.080475,Person_1,Sad,ALERT
2025-10-20 20:24:01.236647,Person_1,Sad,ALERT
2025-10-20 20:24:01.393179,Person_1,Sad,ALERT
2025-10-20 20:24:01.552515,Person_1,Sad,ALERT
2025-10-20 20:24:01.708586,Person_1,Sad,ALERT
2025-10-20 20:24:01.865027,Person_1,Sad,ALERT
2025-10-20 20:24:02.019051,Person_1,Sad,ALERT
2025-10-20 20:24:02.177515,Person_1,Sad,ALERT
2025-10-20 20:24:02.335620,Person_1,Sad,ALERT
2025-10-20 20:24:02.554441,Person_1,Sad,ALERT
2025-10-20 20:24:02.708870,Person_1,Sad,ALERT
2025-10-20 20:24:02.872588,Person_1,Sad,ALERT
2025-10-20 20:24:03.030160,Person_1,Sad,ALERT
2025-10-20 20:24:03.186552,Person_1,Sad,ALERT
2025-10-20 20:24:03.361022,Person_1,Sad,ALERT
2025-10-20 20:24:03.554056,Person_1,Sad,ALERT
2025-10-20 20:24:03.745841,Person_1,Sad,ALERT
2025-10-20 20:24:03.953637,Person_1,Sad,ALERT
2025-10-20 20:24:41.015294,Person_1,Angry,ALERT
2025-10-20 20:24:43.418308,Person_1,Angry,ALERT
2025-10-20 20:24:43.585616,Person_1,Angry,ALERT
2025-10-20 20:24:43.743585,Person_1,Angry,ALERT
2025-10-20 20:24:43.902394,Person_1,Angry,ALERT
2025-10-20 20:24:44.054816,Person_1,Angry,ALERT
2025-10-20 20:24:44.215320,Person_1,Angry,ALERT
2025-10-20 20:24:44.372690,Person_1,Angry,ALERT
2025-10-20 20:24:44.593733,Person_1,Angry,ALERT
2025-10-20 20:24:44.751721,Person_1,Angry,ALERT
2025-10-20 20:24:44.929842,Person_1,Angry,ALERT
2025-10-20 20:24:45.120389,Person_1,Fear,ALERT
2025-10-20 20:24:45.167230,Person_2,Angry,ALERT
2025-10-20 20:24:45.365421,Person_1,Angry,ALERT
2025-10-20 20:24:45.573068,Person_1,Angry,ALERT
2025-10-20 20:24:45.779349,Person_1,Angry,ALERT
2025-10-20 20:24:45.998323,Person_1,Angry,ALERT
2025-10-20 20:24:46.199048,Person_1,Angry,ALERT
2025-10-20 20:24:49.415204,Person_1,Angry,ALERT
2025-10-20 20:24:49.639681,Person_1,Angry,ALERT
2025-10-20 20:24:49.804028,Person_1,Angry,ALERT
2025-10-20 20:24:49.959596,Person_1,Angry,ALERT
2025-10-20 20:24:50.110976,Person_1,Angry,ALERT
2025-10-20 20:24:50.270410,Person_1,Sad,ALERT
2025-10-20 20:24:50.428436,Person_1,Angry,ALERT
2025-10-20 20:24:50.585230,Person_1,Angry,ALERT
2025-10-20 20:24:50.738056,Person_1,Angry,ALERT
2025-10-20 20:24:50.906119,Person_1,Angry,ALERT
2025-10-20 20:24:51.062967,Person_1,Angry,ALERT
2025-10-20 20:24:51.280839,Person_1,Angry,ALERT
2025-10-20 20:24:54.783974,Person_1,Fear,ALERT
2025-10-20 20:24:57.401818,Person_1,Angry,ALERT
2025-10-20 20:25:22.610835,Person_1,Neutral,NORMAL
2025-10-20 20:25:22.771081,Person_1,Neutral,NORMAL
2025-10-20 20:25:22.927771,Person_1,Neutral,NORMAL
2025-10-20 20:25:23.086467,Person_1,Neutral,NORMAL
2025-10-20 20:25:23.245342,Person_1,Neutral,NORMAL
2025-10-20 20:25:23.401707,Person_1,Neutral,NORMAL
2025-10-20 20:25:23.559595,Person_1,Neutral,NORMAL
2025-10-20 20:25:23.716309,Person_1,Neutral,NORMAL
2025-10-20 20:25:23.891951,Person_1,Neutral,NORMAL
2025-10-20 20:25:24.045609,Person_1,Neutral,NORMAL
2025-10-20 20:25:24.268307,Person_1,Fear,ALERT
2025-10-20 20:25:24.752010,Person_1,Sad,ALERT
2025-10-20 20:25:24.914999,Person_1,Neutral,NORMAL
2025-10-20 20:25:25.075335,Person_1,Neutral,NORMAL
2025-10-20 20:25:25.231620,Person_1,Neutral,NORMAL
2025-10-20 20:25:25.404369,Person_1,Neutral,NORMAL
2025-10-20 20:25:25.562406,Person_1,Neutral,NORMAL
2025-10-20 20:25:25.717805,Person_1,Neutral,NORMAL
2025-10-20 20:25:25.940675,Person_1,Neutral,NORMAL
2025-10-20 20:25:26.098809,Person_1,Neutral,NORMAL
2025-10-20 20:25:26.255417,Person_1,Neutral,NORMAL
2025-10-20 20:25:26.413131,Person_1,Neutral,NORMAL
2025-10-20 20:25:26.566545,Person_1,Neutral,NORMAL
2025-10-20 20:25:26.725162,Person_1,Neutral,NORMAL
2025-10-20 20:25:26.880556,Person_1,Neutral,NORMAL
2025-10-20 20:25:27.039424,Person_1,Neutral,NORMAL
2025-10-20 20:25:27.195693,Person_1,Neutral,NORMAL
2025-10-20 20:25:27.355238,Person_1,Neutral,NORMAL
2025-10-20 20:25:27.578647,Person_1,Neutral,NORMAL
2025-10-20 20:25:28.115272,Person_1,Sad,ALERT
2025-10-20 20:25:28.273692,Person_1,Sad,ALERT
2025-10-20 20:25:28.427328,Person_1,Happy,NORMAL
2025-10-20 20:25:28.584986,Person_1,Happy,NORMAL
2025-10-20 20:25:28.743301,Person_1,Happy,NORMAL
2025-10-20 20:25:28.959548,Person_1,Neutral,NORMAL
2025-10-20 20:25:29.123290,Person_1,Neutral,NORMAL
2025-10-20 20:25:29.281166,Person_1,Neutral,NORMAL
2025-10-20 20:25:29.438796,Person_1,Neutral,NORMAL
2025-10-20 20:25:29.595737,Person_1,Neutral,NORMAL
2025-10-20 20:25:29.753138,Person_1,Neutral,NORMAL
2025-10-20 20:25:29.914505,Person_1,Neutral,NORMAL
2025-10-20 20:25:30.071813,Person_1,Neutral,NORMAL
2025-10-20 20:25:30.228777,Person_1,Neutral,NORMAL
2025-10-20 20:25:30.386008,Person_1,Neutral,NORMAL
2025-10-20 20:25:30.622020,Person_1,Neutral,NORMAL
2025-10-20 20:25:30.794910,Person_1,Neutral,NORMAL
2025-10-20 20:25:30.971395,Person_1,Neutral,NORMAL
2025-10-20 20:25:31.166804,Person_1,Neutral,NORMAL
2025-10-20 20:25:31.362087,Person_1,Neutral,NORMAL
2025-10-20 20:25:31.556941,Person_1,Neutral,NORMAL
2025-10-20 20:25:31.764948,Person_1,Sad,ALERT
2025-10-20 20:25:31.968699,Person_1,Fear,ALERT
2025-10-20 20:25:32.175799,Person_1,Sad,ALERT
2025-10-20 20:25:32.379894,Person_1,Sad,ALERT
2025-10-20 20:25:32.660136,Person_1,Neutral,NORMAL
2025-10-20 20:25:32.872468,Person_1,Neutral,NORMAL
2025-10-20 20:25:33.082261,Person_1,Neutral,NORMAL
2025-10-20 20:25:33.286482,Person_1,Neutral,NORMAL
2025-10-20 20:25:33.487732,Person_1,Neutral,NORMAL
2025-10-20 20:25:33.684130,Person_1,Neutral,NORMAL
2025-10-20 20:25:33.891205,Person_1,Neutral,NORMAL
2025-10-20 20:25:34.094345,Person_1,Neutral,NORMAL
2025-10-20 20:25:34.302676,Person_1,Neutral,NORMAL
2025-10-20 20:25:34.587021,Person_1,Angry,ALERT
2025-10-20 20:25:34.636969,Person_2,Neutral,NORMAL
2025-10-20 20:25:34.848086,Person_1,Sad,ALERT
2025-10-20 20:25:35.041723,Person_1,Sad,ALERT
2025-10-20 20:25:35.261198,Person_1,Sad,ALERT
2025-10-20 20:25:35.886255,Person_1,Neutral,NORMAL
2025-10-20 20:25:36.082095,Person_1,Neutral,NORMAL
2025-10-20 20:25:36.284758,Person_1,Neutral,NORMAL
2025-10-20 20:25:36.491347,Person_1,Neutral,NORMAL
2025-10-20 20:25:36.766660,Person_1,Happy,NORMAL
2025-10-20 20:25:36.996778,Person_1,Happy,NORMAL
2025-10-20 20:25:37.202412,Person_1,Happy,NORMAL
2025-10-20 20:25:37.395402,Person_1,Happy,NORMAL
2025-10-20 20:25:37.599727,Person_1,Happy,NORMAL
2025-10-20 20:25:37.802198,Person_1,Happy,NORMAL
2025-10-20 20:25:37.991366,Person_1,Neutral,NORMAL
2025-10-20 20:25:38.196448,Person_1,Neutral,NORMAL
2025-10-20 20:25:38.400130,Person_1,Neutral,NORMAL
2025-10-20 20:25:38.596983,Person_1,Happy,NORMAL
2025-10-20 20:25:38.869322,Person_1,Happy,NORMAL
2025-10-20 20:25:39.086385,Person_1,Happy,NORMAL
2025-10-20 20:25:39.293958,Person_1,Happy,NORMAL
2025-10-20 20:25:39.509501,Person_1,Happy,NORMAL
2025-10-20 20:25:39.714789,Person_1,Happy,NORMAL
2025-10-20 20:25:39.921538,Person_1,Happy,NORMAL
2025-10-20 20:25:40.124749,Person_1,Happy,NORMAL
2025-10-20 20:25:40.330964,Person_1,Happy,NORMAL
2025-10-20 20:25:40.538015,Person_1,Happy,NORMAL
2025-10-20 20:25:40.743957,Person_1,Neutral,NORMAL
2025-10-20 20:25:41.009517,Person_1,Neutral,NORMAL
2025-10-20 20:25:41.216255,Person_1,Neutral,NORMAL
2025-10-20 20:25:41.421715,Person_1,Neutral,NORMAL
2025-10-20 20:25:41.622833,Person_1,Happy,NORMAL
2025-10-20 20:25:41.815317,Person_1,Neutral,NORMAL
2025-10-20 20:25:42.020167,Person_1,Neutral,NORMAL
2025-10-20 20:25:42.225818,Person_1,Happy,NORMAL
2025-10-20 20:25:42.431272,Person_1,Neutral,NORMAL
2025-10-20 20:25:42.636608,Person_1,Neutral,NORMAL
2025-10-20 20:25:42.823419,Person_1,Neutral,NORMAL
2025-10-20 20:25:43.103036,Person_1,Neutral,NORMAL
2025-10-20 20:25:43.318964,Person_1,Neutral,NORMAL
2025-10-20 20:25:43.521483,Person_1,Neutral,NORMAL
2025-10-20 20:25:43.716479,Person_1,Fear,ALERT
2025-10-20 20:25:43.914643,Person_1,Surprise,NORMAL
2025-10-20 20:25:44.118632,Person_1,Neutral,NORMAL
2025-10-20 20:25:44.306896,Person_1,Neutral,NORMAL
2025-10-20 20:25:45.801140,Person_1,Neutral,NORMAL
2025-10-20 20:25:46.006698,Person_1,Neutral,NORMAL
2025-10-20 20:25:46.217022,Person_1,Neutral,NORMAL
2025-10-20 20:25:46.419986,Person_1,Neutral,NORMAL
2025-10-20 20:25:46.699572,Person_1,Neutral,NORMAL
2025-10-20 20:25:46.915115,Person_1,Neutral,NORMAL
2025-10-20 20:25:47.117305,Person_1,Neutral,NORMAL
2025-10-20 20:25:47.361012,Person_1,Sad,ALERT
2025-10-20 20:25:47.411064,Person_2,Neutral,NORMAL
2025-10-20 20:25:47.616360,Person_1,Angry,ALERT
2025-10-20 20:25:47.660662,Person_2,Neutral,NORMAL
2025-10-20 20:25:47.857015,Person_1,Angry,ALERT
2025-10-20 20:25:47.899071,Person_2,Neutral,NORMAL
2025-10-20 20:25:48.099027,Person_1,Angry,ALERT
2025-10-20 20:25:48.150019,Person_2,Neutral,NORMAL
2025-10-20 20:25:48.364090,Person_1,Angry,ALERT
2025-10-20 20:25:48.406671,Person_2,Neutral,NORMAL
2025-10-20 20:25:48.613657,Person_1,Angry,ALERT
2025-10-20 20:25:52.163503,Person_2,Neutral,NORMAL
2025-10-20 20:25:52.384500,Person_1,Neutral,NORMAL
2025-10-20 20:25:52.536292,Person_1,Neutral,NORMAL
2025-10-20 20:25:52.696118,Person_1,Neutral,NORMAL
2025-10-20 20:25:52.854611,Person_1,Neutral,NORMAL
2025-10-20 20:25:53.382554,Person_1,Sad,ALERT
2025-10-20 20:25:53.535171,Person_1,Sad,ALERT
2025-10-20 20:25:53.695862,Person_1,Sad,ALERT
2025-10-20 20:25:55.165182,Person_1,Neutral,NORMAL
2025-10-20 20:25:55.398165,Person_1,Neutral,NORMAL
2025-10-20 20:25:55.568799,Person_1,Sad,ALERT
2025-10-20 20:25:57.831434,Person_1,Neutral,NORMAL
2025-10-20 20:25:58.107371,Person_1,Sad,ALERT
2025-10-20 20:25:58.299466,Person_1,Neutral,NORMAL
2025-10-20 20:25:58.342909,Person_2,Angry,ALERT
2025-10-20 20:25:58.541006,Person_1,Sad,ALERT
2025-10-20 20:25:58.588524,Person_2,Angry,ALERT
2025-10-20 20:25:58.812024,Person_1,Neutral,NORMAL
2025-10-20 20:25:58.854355,Person_2,Angry,ALERT
2025-10-20 20:25:59.068583,Person_1,Neutral,NORMAL
2025-10-20 20:25:59.287281,Person_1,Neutral,NORMAL
2025-10-20 20:25:59.484611,Person_1,Neutral,NORMAL
2025-10-20 20:25:59.697187,Person_1,Neutral,NORMAL
2025-10-20 20:25:59.908136,Person_1,Sad,ALERT
2025-10-20 20:26:00.113407,Person_1,Neutral,NORMAL
2025-10-20 20:26:00.381630,Person_1,Neutral,NORMAL
2025-10-20 20:26:00.586547,Person_1,Neutral,NORMAL
2025-10-20 20:26:01.263783,Person_1,Sad,ALERT
2025-10-20 20:26:01.629154,Person_1,Neutral,NORMAL
2025-10-20 20:26:02.206363,Person_1,Neutral,NORMAL
2025-10-20 20:26:03.043438,Person_1,Neutral,NORMAL
2025-10-20 20:26:03.245862,Person_1,Fear,ALERT
2025-10-20 20:26:03.290034,Person_2,Neutral,NORMAL
2025-10-20 20:26:03.506856,Person_1,Neutral,NORMAL
2025-10-20 20:26:03.795050,Person_1,Neutral,NORMAL
2025-10-20 20:26:03.985952,Person_1,Neutral,NORMAL
2025-10-20 20:26:04.178740,Person_1,Neutral,NORMAL
2025-10-20 20:26:04.387020,Person_1,Neutral,NORMAL
2025-10-20 20:26:04.601357,Person_1,Neutral,NORMAL
2025-10-20 20:26:04.790776,Person_1,Fear,ALERT
2025-10-20 20:26:04.832682,Person_2,Neutral,NORMAL
2025-10-20 20:26:05.035318,Person_1,Neutral,NORMAL
2025-10-20 20:26:05.237954,Person_1,Neutral,NORMAL
2025-10-20 20:26:07.211748,Person_1,Sad,ALERT
2025-10-20 20:26:07.408084,Person_1,Angry,ALERT
2025-10-20 20:26:07.450932,Person_2,Neutral,NORMAL
2025-10-20 20:26:07.494146,Person_3,Angry,ALERT
2025-10-20 20:26:50.354050,Person_1,Surprise,NORMAL
2025-10-20 20:26:50.571153,Person_1,Surprise,NORMAL
2025-10-20 20:26:51.113467,Person_1,Surprise,NORMAL
2025-10-20 20:26:51.494157,Person_1,Surprise,NORMAL
2025-10-20 20:26:51.786228,Person_1,Surprise,NORMAL
2025-10-20 20:26:52.016526,Person_1,Surprise,NORMAL
2025-10-20 20:26:52.218559,Person_1,Surprise,NORMAL
2025-10-20 20:26:52.431442,Person_1,Surprise,NORMAL
2025-10-20 20:26:52.649242,Person_1,Surprise,NORMAL
2025-10-20 20:26:52.849875,Person_1,Surprise,NORMAL
2025-10-20 20:26:53.067526,Person_1,Surprise,NORMAL
2025-10-20 20:26:53.272061,Person_1,Surprise,NORMAL
2025-10-20 20:26:53.550847,Person_1,Surprise,NORMAL
2025-10-20 20:26:53.771597,Person_1,Surprise,NORMAL
2025-10-20 20:26:53.985880,Person_1,Surprise,NORMAL
2025-10-20 20:26:54.192314,Person_1,Surprise,NORMAL
2025-10-20 20:26:54.413195,Person_1,Surprise,NORMAL
2025-10-20 20:26:54.616913,Person_1,Surprise,NORMAL
2025-10-20 20:26:54.820542,Person_1,Surprise,NORMAL
2025-10-20 20:26:55.028944,Person_1,Surprise,NORMAL
2025-10-20 20:26:55.236866,Person_1,Surprise,NORMAL
2025-10-20 20:26:55.530135,Person_1,Surprise,NORMAL
2025-10-20 20:26:55.787949,Person_1,Surprise,NORMAL
2025-10-20 20:26:56.113541,Person_1,Surprise,NORMAL
2025-10-20 20:26:56.435314,Person_1,Surprise,NORMAL
2025-10-20 20:26:56.680968,Person_1,Surprise,NORMAL
2025-10-20 20:26:56.914831,Person_1,Surprise,NORMAL
2025-10-20 20:26:59.326857,Person_1,Sad,ALERT
2025-10-20 20:26:59.606471,Person_1,Sad,ALERT
2025-10-20 20:26:59.977422,Person_1,Sad,ALERT
2025-10-20 20:27:00.198898,Person_1,Sad,ALERT
2025-10-20 20:27:00.418488,Person_1,Sad,ALERT
2025-10-20 20:27:00.645024,Person_1,Sad,ALERT
